{"2": [{"det_bboxes": [[[654.5606079101562, 182.6524658203125, 699.0465698242188, 296.21258544921875, 0.995261013507843], [1812.7872314453125, 517.66064453125, 2027.58935546875, 864.3121337890625, 0.116303950548172], [1718.4033203125, 467.3815612792969, 2166.25244140625, 874.5748291015625, 0.08824819326400757]]], "track_bboxes": [[[0.0, 654.5606079101562, 182.6524658203125, 699.0465698242188, 296.21258544921875, 0.995261013507843]]]}], "3": [{"det_bboxes": [[[654.631103515625, 182.83489990234375, 699.1132202148438, 295.8614501953125, 0.9945025444030762], [1816.8310546875, 511.6308288574219, 2020.9945068359375, 863.7142944335938, 0.23292356729507446], [1697.142578125, 463.7766418457031, 2159.215087890625, 873.2420654296875, 0.11186379194259644]]], "track_bboxes": [[[0.0, 654.631103515625, 182.83489990234375, 699.1132202148438, 295.8614501953125, 0.9945025444030762]]]}], "4": [{"det_bboxes": [[[654.6364135742188, 183.06723022460938, 698.9271240234375, 295.3695983886719, 0.9942452311515808], [1695.3067626953125, 458.1007080078125, 2065.324462890625, 880.2681274414062, 0.11451727151870728], [1812.313720703125, 516.8958740234375, 2024.448974609375, 872.562744140625, 0.09870879352092743]]], "track_bboxes": [[[0.0, 654.6364135742188, 183.06723022460938, 698.9271240234375, 295.3695983886719, 0.9942452311515808]]]}], "5": [{"det_bboxes": [[[654.602294921875, 183.04054260253906, 698.8657836914062, 295.35296630859375, 0.9934273958206177], [1816.78369140625, 518.3844604492188, 2014.693115234375, 868.9188842773438, 0.14303840696811676], [246.6582794189453, 135.08477783203125, 349.3994140625, 343.9927062988281, 0.11892055720090866], [1739.316650390625, 465.43585205078125, 2161.145263671875, 876.013671875, 0.05232382193207741]]], "track_bboxes": [[[0.0, 654.602294921875, 183.04054260253906, 698.8657836914062, 295.35296630859375, 0.9934273958206177],[1.0, 154.602294921875, 183.04054260253906, 538.8657836914062, 231.35296630859375, 0.9]]]}]}