{"0": [{"det_bboxes": [[[654.3680419921875, 183.1643524169922, 698.5084228515625, 295.6900634765625, 0.9914091229438782]]], "track_bboxes": [[[0.0, 654.3680419921875, 183.1643524169922, 698.5084228515625, 295.6900634765625, 0.9914091229438782]]]}], "1": [{"det_bboxes": [[[654.4307861328125, 182.68736267089844, 699.0845336914062, 296.4268798828125, 0.9966453909873962], [1811.11865234375, 517.7149047851562, 2028.059814453125, 860.3184814453125, 0.07879351824522018], [1709.78662109375, 474.0473937988281, 2166.14404296875, 874.107666015625, 0.07755912840366364]]], "track_bboxes": [[[0.0, 654.4307861328125, 182.68736267089844, 699.0845336914062, 296.4268798828125, 0.9966453909873962]]]}]}